{
    "R": [
        [
            0.07500000000000001,
            0.0
        ],
        [
            0.0,
            0.1375
        ]
    ],
    "RDR": [
        [
            [
                0.07500000000000001,
                0.0
            ],
            [
                0.0,
                0.1375
            ]
        ],
        [
            [
                0.015000000000000003,
                0.0
            ],
            [
                0.0,
                0.027500000000000004
            ]
        ]
    ],
    "alpha_count": 28338,
    "cov": null,
    "drscale": [
        5.0,
        4.0,
        3.0
    ],
    "iacce": [
        554,
        3484
    ],
    "limits": [
        [
            -Infinity,
            -5.0
        ],
        [
            Infinity,
            5.0
        ]
    ],
    "local": [
        0.0,
        0.0
    ],
    "mean": null,
    "model_settings": {
        "N": [
            100.0
        ],
        "N0": [
            0.0
        ],
        "Nshape": [
            [
                100,
                1
            ]
        ],
        "S20": [
            1.0
        ],
        "description": "Model Settings",
        "nbatch": 1,
        "nsos": 1,
        "prior_type": 1,
        "sigma2": [
            0.013435758061932923
        ]
    },
    "names": [
        "m",
        "b"
    ],
    "nsimu": 10000,
    "original_covariance": [
        [
            0.0056250000000000015,
            0.0
        ],
        [
            0.0,
            0.018906250000000003
        ]
    ],
    "parind": [
        0,
        1
    ],
    "prior": {
        "mu": [
            0.0,
            0.0
        ],
        "priortype": 1,
        "sigma": [
            Infinity,
            Infinity
        ]
    },
    "qcov": [
        [
            0.0056250000000000015,
            0.0
        ],
        [
            0.0,
            0.018906250000000003
        ]
    ],
    "qcov_scale": 1.6970562748477138,
    "qcovorig": [
        [
            0.0056250000000000015,
            0.0
        ],
        [
            0.0,
            0.018906250000000003
        ]
    ],
    "rejected_outside_bounds": 0.0,
    "simulation_options": {
        "adaptend": 0,
        "adaptint": 0,
        "adascale": null,
        "alphatarget": 0.234,
        "burnin_scale": 10,
        "burnintime": 0,
        "chainfile": "chainfile",
        "covchainfile": "covchainfile",
        "datestr": "20190716_072917",
        "description": "simulation_options",
        "etaparam": 0.7,
        "json_restart_file": null,
        "label": "MCMC run at 20190716_072917",
        "lastadapt": 10000,
        "method": "dr",
        "nsimu": 10000,
        "ntry": 2,
        "printint": 100,
        "priorupdatestart": 0,
        "qcov": null,
        "qcov_adjust": 1e-08,
        "results_filename": null,
        "s2chainfile": "s2chainfile",
        "save_lightly": true,
        "save_to_bin": true,
        "save_to_json": true,
        "save_to_txt": false,
        "savedir": "scipy_2019/method_dr",
        "savesize": 10000,
        "sschainfile": "sschainfile",
        "updatesigma": true
    },
    "simutime": 2.732889175415039,
    "theta": [
        1.9568886272457435,
        3.017694457273846
    ],
    "total_rejected": 0.5962000000000001
}